{
  "minecraft:recipes/decorations/crafting_table": {
    "criteria": {
      "unlock_right_away": "2025-08-01 09:35:12 +0800"
    },
    "done": true
  },
  "minecraft:adventure/adventuring_time": {
    "criteria": {
      "minecraft:beach": "2025-08-01 09:35:38 +0800",
      "minecraft:forest": "2025-08-01 09:35:13 +0800",
      "minecraft:jungle": "2025-08-01 09:35:28 +0800"
    },
    "done": false
  },
  "minecraft:adventure/root": {
    "criteria": {
      "killed_something": "2025-08-01 09:35:53 +0800"
    },
    "done": true
  },
  "minecraft:adventure/kill_all_mobs": {
    "criteria": {
      "minecraft:wither": "2025-08-01 09:35:53 +0800"
    },
    "done": false
  },
  "minecraft:adventure/kill_a_mob": {
    "criteria": {
      "minecraft:wither": "2025-08-01 09:35:53 +0800"
    },
    "done": true
  },
  "DataVersion": 3953
}